{
    "experiment": "fedbone_multitask",
    "config": {
        "num_rounds": 50,
        "num_clients": 10,
        "clients_per_round": 5,
        "local_epochs": 5,
        "batch_size": 32,
        "learning_rate": 0.001,
        "embed_dim": 64,
        "hidden_size": 128,
        "num_layers": 2,
        "server_params": 627072,
        "client_params": 94726,
        "gp_aggregation": true
    },
    "tasks": [
        {
            "task_id": 0,
            "name": "activity_classification",
            "type": "classification",
            "num_classes": 6
        },
        {
            "task_id": 1,
            "name": "stationary_vs_moving",
            "type": "classification",
            "num_classes": 2
        },
        {
            "task_id": 2,
            "name": "walking_variants",
            "type": "classification",
            "num_classes": 3
        }
    ],
    "metrics": {
        "rounds": [
            1,
            2,
            3,
            4,
            5,
            6,
            7,
            8,
            9,
            10,
            11,
            12,
            13,
            14,
            15,
            16,
            17,
            18,
            19,
            20,
            21,
            22,
            23,
            24,
            25,
            26,
            27,
            28,
            29,
            30,
            31,
            32,
            33,
            34,
            35,
            36,
            37,
            38,
            39,
            40,
            41,
            42,
            43,
            44,
            45,
            46,
            47,
            48,
            49,
            50
        ],
        "accuracy": [
            0.3028118240807498,
            0.3028118240807498,
            0.3028118240807498,
            0.3028118240807498,
            0.3028118240807498,
            0.3028118240807498,
            0.3028118240807498,
            0.3028118240807498,
            0.3028118240807498,
            0.3028118240807498,
            0.3028118240807498,
            0.3028118240807498,
            0.357606344628695,
            0.357606344628695,
            0.357606344628695,
            0.357606344628695,
            0.357606344628695,
            0.357606344628695,
            0.3028118240807498,
            0.3028118240807498,
            0.3028118240807498,
            0.3028118240807498,
            0.3028118240807498,
            0.3028118240807498,
            0.5652487382840663,
            0.5328046142754146,
            0.5241528478731075,
            0.30930064888248016,
            0.357606344628695,
            0.47296322999279017,
            0.4304253785147801,
            0.40374909877433307,
            0.37851478010093725,
            0.36625811103100214,
            0.3035328046142754,
            0.4397981254506128,
            0.547945205479452,
            0.3756308579668349,
            0.36481614996395095,
            0.35183850036049025,
            0.33669790915645276,
            0.5486661860129777,
            0.5443403028118241,
            0.4556596971881759,
            0.3604902667627974,
            0.32299927901946646,
            0.4542177361211247,
            0.3871665465032444,
            0.3323720259552992,
            0.32660418168709443
        ],
        "f1": [
            0.14076476603643046,
            0.14076476603643046,
            0.14076476603643046,
            0.14076476603643046,
            0.14076476603643046,
            0.14076476603643046,
            0.14076476603643046,
            0.14076476603643046,
            0.14076476603643046,
            0.14076476603643046,
            0.14076476603643046,
            0.14076476603643046,
            0.18839378325632794,
            0.18839378325632794,
            0.18839378325632794,
            0.18839378325632794,
            0.18839378325632794,
            0.18839378325632794,
            0.14076476603643046,
            0.14076476603643046,
            0.14076476603643046,
            0.14076476603643046,
            0.14076476603643046,
            0.14076476603643046,
            0.45744277972092523,
            0.43455924035183796,
            0.4279953500830954,
            0.15443099743602362,
            0.18839378325632794,
            0.37291261191603,
            0.31700739748920587,
            0.27510472748428577,
            0.2304566155827873,
            0.2064249602869844,
            0.14243214574726773,
            0.3298249210366702,
            0.43610378889083357,
            0.267553620818134,
            0.2516380063113901,
            0.23135522058702745,
            0.2058701386502089,
            0.4511257034979915,
            0.4463341186334271,
            0.3525274617276882,
            0.24225421917874124,
            0.18161717952912898,
            0.34969932591335173,
            0.24644953710986897,
            0.19826149301981114,
            0.18800495119179042
        ],
        "loss": [
            0.8567778755998017,
            1.129539104075659,
            1.0609427325782321,
            0.97301012128546,
            0.8726586059278467,
            0.9538873191073873,
            0.8100178201709476,
            0.9815889962831467,
            0.8234922425686811,
            0.8936972173585396,
            0.762769263031102,
            0.563715521525511,
            0.6692506620571728,
            0.5333285059495054,
            0.712982688731506,
            0.5357760628293902,
            0.5737529549795196,
            0.723614793540049,
            0.6598556200763425,
            0.7019757474437147,
            0.4615592086142598,
            0.5671113041497061,
            0.5740244279252017,
            0.5499524109520284,
            0.577054687285061,
            0.5595641461962872,
            0.6261473387045686,
            0.652442287397875,
            0.6812426664957814,
            0.5863735074141692,
            0.47682404155159414,
            0.546867753815955,
            0.5534715744257437,
            0.3808996987428016,
            0.7673843368887902,
            0.6259772033531933,
            0.6269154824654595,
            0.6628113655816941,
            0.7406090819518439,
            0.43599036666085106,
            0.428333265933336,
            0.6857127876224972,
            0.3910708883880567,
            0.7225024884655362,
            0.629040890144659,
            0.6345516149403334,
            0.37875372574502364,
            0.7662796686009533,
            0.648331574059668,
            0.5655938301759273
        ],