{
    "experiment": "fedbone_multitask",
    "config": {
        "num_rounds": 50,
        "num_clients": 10,
        "clients_per_round": 5,
        "local_epochs": 5,
        "batch_size": 32,
        "learning_rate": 0.001,
        "embed_dim": 64,
        "hidden_size": 128,
        "num_layers": 2,
        "server_params": 627072,
        "client_params": 94726,
        "gp_aggregation": true
    },
    "tasks": [
        {
            "task_id": 0,
            "name": "activity_classification",
            "type": "classification",
            "num_classes": 6
        },
        {
            "task_id": 1,
            "name": "stationary_vs_moving",
            "type": "classification",
            "num_classes": 2
        },
        {
            "task_id": 2,
            "name": "walking_variants",
            "type": "classification",
            "num_classes": 3
        }
    ],
    "metrics": {
        "rounds": [
            1,
            2,
            3,
            4,
            5,
            6,
            7,
            8,
            9,
            10,
            11,
            12,
            13,
            14,
            15,
            16,
            17,
            18,
            19,
            20,
            21,
            22,
            23,
            24,
            25,
            26,
            27,
            28,
            29,
            30,
            31,
            32,
            33,
            34,
            35,
            36,
            37,
            38,
            39,
            40,
            41,
            42,
            43,
            44,
            45,
            46,
            47,
            48,
            49,
            50
        ],
        "accuracy": [
            0.49170872386445563,
            0.4801730353280461,
            0.4700793078586878,
            0.4585436193222783,
            0.8911319394376351,
            0.8868060562364816,
            0.8961788031723144,
            0.8832011535688536,
            0.8651766402307137,
            0.8500360490266763,
            0.8312905551550108,
            0.8111031002162942,
            0.8464311463590483,
            0.8363374188896899,
            0.8320115356885364,
            0.8255227108868061,
            0.8154289834174477,
            0.8089401586157173,
            0.7901946647440519,
            0.7837058399423216,
            0.7750540735400144,
            0.8853640951694304,
            0.8875270367700072,
            0.8889689978370584,
            0.8731074260994953,
            0.8702235039653929,
            0.8673395818312906,
            0.8795962509012256,
            0.8976207642393655,
            0.7873107426099495,
            0.7837058399423216,
            0.7822638788752704,
            0.7829848594087959,
            0.7808219178082192,
            0.912761355443403,
            0.8911319394376351,
            0.9307858687815429,
            0.9026676279740447,
            0.9026676279740447,
            0.9026676279740447,
            0.9048305695746215,
            0.8579668348954578,
            0.8579668348954578,
            0.8759913482335977,
            0.8716654650324441,
            0.8673395818312906,
            0.7101658255227109,
            0.8478731074260994,
            0.8269646719538573,
            0.8276856524873828
        ],
        "f1": [
            0.3942671382651997,
            0.38056309865761806,
            0.36538827740917723,
            0.3511698992317881,
            0.8912025275714457,
            0.8865066355650664,
            0.8936205586611266,
            0.880053658115893,
            0.8604858823611683,
            0.843288197816817,
            0.8217753074447621,
            0.7966081616621051,
            0.8449628307163944,
            0.8349187012248072,
            0.8307492552433431,
            0.8241998174355879,
            0.814057861001208,
            0.8075443967469171,
            0.7854392627032745,
            0.778022084232159,
            0.7687061916927231,
            0.8861252479843175,
            0.8881542039924675,
            0.8895518871631548,
            0.8724968979410225,
            0.8696045005830142,
            0.8666747318850712,
            0.8781258613511649,
            0.8969347844445207,
            0.7852723066507573,
            0.7816535872634377,
            0.7802141760211051,
            0.7813669071832209,
            0.7793657356691418,
            0.9103013897369104,
            0.8935339678601133,
            0.9305783063404831,
            0.899760740938341,
            0.8998298276902482,
            0.8998980054401364,
            0.9022627542109819,
            0.8579595812194304,
            0.8579595812194304,
            0.8759996413764672,
            0.8725116562988733,
            0.868589495158053,
            0.7050724519766586,
            0.8469259968049624,
            0.8216638380391287,
            0.8226171428594033
        ],
        "loss": [
            0.4211239855824124,
            0.5409255780555485,
            0.3308665687998845,
            0.29168416451701856,
            0.25295000442413285,
            0.16180724305655675,
            0.2443779493994301,
            0.17332732030739734,
            0.11842917236909387,
            0.1281643163986351,
            0.13810716117023789,
            0.11688301012445923,
            0.10819470768553825,
            0.09662926931155894,
            0.06341581627779219,
            0.09448421864188712,
            0.057644915822291434,
            0.07408596035918098,
            0.09824822457845477,
            0.10511010977735954,
            0.054558689395679504,
            0.05225762764758848,
            0.0698883058399684,
            0.057227339457469995,
            0.07285063720281015,
            0.061765332597778166,
            0.06669418495971584,
            0.036704094715642906,
            0.09054114003365625,
            0.04628332718339695,
            0.052617006807287335,
            0.06934992540690352,
            0.042284768646631096,
            0.06081524069264012,
            0.08038628215437736,
            0.07672170910845688,
            0.03380297916175194,
            0.08060522620330933,
            0.09420334214714313,
            0.04435725472444946,
            0.04462322837889733,
            0.053928118885986066,
            0.06006418979033873,
            0.06260759322247308,
            0.05543304171197465,
            0.08748373535228694,
            0.05779591426242048,
            0.06672307000559163,
            0.04803779224662257,
            0.05573628350713472
        ],