{
    "task": "lift_ph",
    "env_name": "Lift",
    "robots": [
        "Panda"
    ],
    "checkpoint": "results\\models\\fedbone_gp_aggregation_final.pth",
    "seed": 42,
    "episodes": 10,
    "horizon": 400,
    "success_rate": 0.6,
    "mean_return": 105.94273255546955,
    "mean_steps": 400.0,
    "action_stats": {
        "mean": [
            0.015278808772563934,
            0.01716066151857376,
            -0.04819736257195473,
            0.01195090264081955,
            0.007831089198589325,
            -0.01594405621290207,
            -0.2708335518836975
        ],
        "std": [
            0.09763766825199127,
            0.054042741656303406,
            0.331818163394928,
            0.011444861069321632,
            0.05056578293442726,
            0.012961787171661854,
            0.44543495774269104
        ],
        "min": [
            -0.08845500648021698,
            -0.19673532247543335,
            -0.6472926139831543,
            -0.03368060290813446,
            -0.06467906385660172,
            -0.07232896238565445,
            -1.0
        ],
        "max": [
            0.6540236473083496,
            0.17861992120742798,
            1.0,
            0.03080952726304531,
            0.1484382003545761,
            0.08136063814163208,
            1.0
        ],
        "clip_fraction": 0.008464285714285714
    },
    "obs_norm_mean": 4.883141804099083,
    "obs_norm_std": 0.49115860577381265,
    "task_info": {
        "task_id": 1,
        "name": "lift_ph",
        "description": "RoboMimic imitation task from low_dim_v15.hdf5",
        "type": "regression",
        "num_classes": 7,
        "success_mapping": null,
        "success_threshold": 0.75,
        "source_file": "C:\\Users\\Pichau\\Fedbone-robotics\\FedBone-robotics\\data\\robomimic\\v1.5\\lift\\ph\\low_dim_v15.hdf5",
        "obs_keys": [
            "object",
            "robot0_eef_pos",
            "robot0_eef_quat",
            "robot0_eef_quat_site",
            "robot0_gripper_qpos",
            "robot0_gripper_qvel",
            "robot0_joint_pos",
            "robot0_joint_pos_cos",
            "robot0_joint_pos_sin",
            "robot0_joint_vel"
        ],
        "normalization": {
            "obs_mean": [
                0.001535648014396429,
                -0.0011413914617151022,
                0.8247329592704773,
                -0.001478753867559135,
                -0.0013612637994810939,
                0.6318454146385193,
                0.008221231400966644,
                0.02414952591061592,
                0.0007509412826038897,
                -0.0682632103562355,
                -0.022613858804106712,
                -0.0018923332681879401,
                0.8929883241653442,
                0.9912286400794983,
                0.012772365473210812,
                0.04829174280166626,
                -0.0002081048587569967,
                0.6536464691162109,
                0.6610966920852661,
                0.03252795338630676,
                0.03457150235772133,
                0.03381868079304695,
                -0.034104399383068085,
                0.0001584400306455791,
                -0.0006516497232951224,
                -0.00972179789096117,
                0.6692460179328918,
                0.005140902008861303,
                -2.2136361598968506,
                -0.002542647998780012,
                2.974912166595459,
                0.7555723190307617,
                0.9980649948120117,
                0.7609084844589233,
                0.9986429214477539,
                -0.5871120095252991,
                0.998427152633667,
                -0.9787212014198303,
                0.6991532444953918,
                -0.009664790704846382,
                0.6039642095565796,
                0.005115053616464138,
                -0.7855381965637207,
                -0.002542461035773158,
                0.16481347382068634,
                0.6608206033706665,
                -0.017332153394818306,
                0.21319036185741425,
                0.014337096363306046,
                0.17286737263202667,
                0.0032209926284849644,
                0.04608096927404404,
                -0.033942289650440216
            ],
            "obs_std": [
                0.01678740233182907,
                0.016733456403017044,
                0.012140844017267227,
                0.009076420217752457,
                0.008277910761535168,
                0.3157642185688019,
                0.7076897025108337,
                0.04001990333199501,
                0.01069596316665411,
                0.06804179400205612,
                0.04077858477830887,
                0.015306426212191582,
                0.06508997827768326,
                0.009917132556438446,
                0.11772917956113815,
                0.027552815154194832,
                0.015909088775515556,
                0.24247749149799347,
                0.2712162137031555,
                0.02636738307774067,
                0.01989743299782276,
                0.007553669158369303,
                0.007210268173366785,
                0.032056961208581924,
                0.031068189069628716,
                0.061673618853092194,
                0.24010632932186127,
                0.052099090069532394,
                0.1972472071647644,
                0.05618929862976074,
                0.12270016968250275,
                0.27808040380477905,
                0.0041256132535636425,
                0.13154339790344238,
                0.0026271981187164783,
                0.1469137817621231,
                0.0025871950201690197,
                0.018842574208974838,
                0.17561626434326172,
                0.06145693361759186,
                0.1973349153995514,
                0.0519891232252121,
                0.12900136411190033,
                0.05608011782169342,
                0.12080112099647522,
                0.2089536190032959,
                0.06252727657556534,
                0.375153124332428,
                0.06642073392868042,
                0.32877686619758606,
                0.09504345059394836,
                0.22280757129192352,
                0.23119163513183594
            ],
            "action_mean": [
                0.1712142378091812,
                0.005644253455102444,
                -0.16695445775985718,
                0.003106999909505248,
                0.005385153461247683,
                0.010903253220021725,
                -0.41141682863235474
            ],
            "action_std": [
                0.25992846488952637,
                0.12849876284599304,
                0.4916287660598755,
                0.022368429228663445,
                0.06322765350341797,
                0.08344375342130661,
                0.91142338514328
            ]
        }
    },
    "episodes_detail": [
        {
            "episode": 0,
            "success": true,
            "return": 69.8243759781625,
            "steps": 400
        },
        {
            "episode": 1,
            "success": true,
            "return": 159.41924934379114,
            "steps": 400
        },
        {
            "episode": 2,
            "success": true,
            "return": 108.7989025567324,
            "steps": 400
        },
        {
            "episode": 3,
            "success": false,
            "return": 132.51788981362526,
            "steps": 400
        },
        {
            "episode": 4,
            "success": false,
            "return": 19.70695676045175,
            "steps": 400
        },
        {
            "episode": 5,
            "success": true,
            "return": 152.5840091614849,
            "steps": 400
        },
        {
            "episode": 6,
            "success": false,
            "return": 51.667629472441824,
            "steps": 400
        },
        {
            "episode": 7,
            "success": true,